{
    "count": 50,
    "sharpe_ratio_mean": 0.15008144324330874,
    "sharpe_ratio_median": 0.1557213962390458,
    "sharpe_ratio_std": 0.06688702201132801,
    "sharpe_ratio_min": 0.007386239732408166,
    "sharpe_ratio_max": 0.29769315970448484,
    "profit_loss_mean": 6309.927878571497,
    "profit_loss_median": 6458.913571428609,
    "profit_loss_std": 3018.7106693435876,
    "win_rate_mean": 62.72912731206107,
    "win_rate_std": 2.607651600688501,
    "max_drawdown_mean": 7.924226932776256,
    "max_drawdown_std": 2.2266828894004465,
    "trades_mean": 137.46,
    "trades_std": 12.465806292840117,
    "profitable_runs": "50",
    "profitable_pct": 100.0,
    "sharpe_ratio_p5": 0.03671304168935549,
    "profit_loss_p5": 1193.7282142857985,
    "sharpe_ratio_p10": 0.07032792805977871,
    "profit_loss_p10": 2791.1448392858933,
    "sharpe_ratio_p25": 0.09121900239830899,
    "profit_loss_p25": 3850.554508928637,
    "sharpe_ratio_p50": 0.1557213962390458,
    "profit_loss_p50": 6458.913571428609,
    "sharpe_ratio_p75": 0.19474813859332535,
    "profit_loss_p75": 8211.664910714342,
    "sharpe_ratio_p90": 0.23287579132453567,
    "profit_loss_p90": 10238.971464285816,
    "sharpe_ratio_p95": 0.25211968548693636,
    "profit_loss_p95": 11502.68732142864
}