{
    "top_win_rate": 65.61620709060215,
    "median_win_rate": 62.4633431085044,
    "top_avg_profit": 77.00964868558619,
    "median_avg_profit": 50.241146837034115,
    "top_avg_position": 9.621271806415306,
    "median_avg_position": 9.121700879765395
}